<beans xmlns="http://www.springframework.org/schema/beans"
xmlns:xsi="http://www.w3.org/2001/XMLSchema-instance" xmlns:context="http://www.springframework.org/schema/context"
xsi:schemaLocation="http://www.springframework.org/schema/beans
    http://www.springframework.org/schema/beans/spring-beans-3.0.xsd
    http://www.springframework.org/schema/context
    http://www.springframework.org/schema/context/spring-context-3.0.xsd">
   
   <!--  primitive type-->
   <!-- setter injection -->  
   
          <bean class="Person" id="p1">
           <constructor-arg name="pid" value="3"></constructor-arg>
		<constructor-arg name="pname" value="sindhu"></constructor-arg>
		<constructor-arg name="pcity" value="trichy"></constructor-arg>
		 <constructor-arg ref="p2"> </constructor-arg>
           
           </bean>
           
           
           <bean class="Person" id="p2">
           <constructor-arg name="hno" value="4"></constructor-arg>
		<constructor-arg name="colony" value="pavi"></constructor-arg>
		<constructor-arg name="city" value="sulur"></constructor-arg>
           
           
           </bean>
           
          
          <!-- constructor  injection -->
           
</beans>