<beans xmlns="http://www.springframework.org/schema/beans"
xmlns:xsi="http://www.w3.org/2001/XMLSchema-instance" xmlns:context="http://www.springframework.org/schema/context"
xsi:schemaLocation="http://www.springframework.org/schema/beans
    http://www.springframework.org/schema/beans/spring-beans-3.0.xsd
    http://www.springframework.org/schema/context
    http://www.springframework.org/schema/context/spring-context-3.0.xsd">

<bean class="Student" id="s">

<property name="sid" value="1"></property>
<property name="sname" value="Menaka"></property>
<property name="mark" value="98"></property>
</bean>

<bean class="Student" id="s1">

<constructor-arg value="2"></constructor-arg>
<constructor-arg value="Sam"></constructor-arg>
<constructor-arg value="95"></constructor-arg>

</bean>

</beans>