<beans xmlns="http://www.springframework.org/schema/beans"
xmlns:xsi="http://www.w3.org/2001/XMLSchema-instance" xmlns:context="http://www.springframework.org/schema/context"
xsi:schemaLocation="http://www.springframework.org/schema/beans
    http://www.springframework.org/schema/beans/spring-beans-3.0.xsd
    http://www.springframework.org/schema/context
    http://www.springframework.org/schema/context/spring-context-3.0.xsd">


         <bean class="Employee" id="e1"><!--   autowire="constructor"--> <!-- Employeee class will be called -->
         
         <constructor-arg value="2"></constructor-arg>
               <constructor-arg value="Pooja"></constructor-arg>
               <constructor-arg value="CBE"></constructor-arg>
               <constructor-arg value="6000"></constructor-arg>
               <constructor-arg ref="af"> </constructor-arg>
                              <constructor-arg ref="aff"> </constructor-arg>
               
         </bean>
         
                 <bean class="Address" id="af" > <!-- Address class construtor will be called -->
                  <constructor-arg value="2"></constructor-arg>
               <constructor-arg value="Pooja"></constructor-arg>
               <constructor-arg value="CBE"></constructor-arg>
          </bean>
      
                                    <bean class="TAddress" id="aff" > <!-- TAddress class constructor will be called -->
         
      <constructor-arg value="2"></constructor-arg>
               <constructor-arg value="Pooja"></constructor-arg>
               <constructor-arg value="CBE"></constructor-arg>
          
         </bean>
   

</beans>