<beans xmlns="http://www.springframework.org/schema/beans"
	xmlns:xsi="http://www.w3.org/2001/XMLSchema-instance" xmlns:context="http://www.springframework.org/schema/context"
	xsi:schemaLocation="http://www.springframework.org/schema/beans
    http://www.springframework.org/schema/beans/spring-beans-3.0.xsd
    http://www.springframework.org/schema/context
    http://www.springframework.org/schema/context/spring-context-3.0.xsd">

	<context:annotation-config></context:annotation-config>
	<bean class="Employee" id="e"><!-- autowire="constructor" --> <!-- Employeee class will be called -->

		<constructor-arg name="empId" value="2"></constructor-arg>
		<constructor-arg name="empName" value="Pooja"></constructor-arg>
		<constructor-arg name="empAddress" value="CBE"></constructor-arg>
		<constructor-arg name="empSal" value="6000"></constructor-arg>
		<constructor-arg ref="af">
		</constructor-arg>


	</bean>

	<bean class="Address" id="af"> <!-- Address class construtor will be called -->
		<constructor-arg name="hno" value="2"></constructor-arg>
		<constructor-arg name="colony" value="Pooja"></constructor-arg>
		<constructor-arg name="city" value="CBE"></constructor-arg>
	</bean>

	<bean class="TAddress" id="aff"> <!-- TAddress class constructor will be called -->
		<constructor-arg name="hno" value="2"></constructor-arg>
		<constructor-arg name="colony" value="Pooja"></constructor-arg>
		<constructor-arg name="city" value="CBE"></constructor-arg>

	</bean>


</beans>