<beans xmlns="http://www.springframework.org/schema/beans"
xmlns:xsi="http://www.w3.org/2001/XMLSchema-instance" xmlns:context="http://www.springframework.org/schema/context"
xsi:schemaLocation="http://www.springframework.org/schema/beans
    http://www.springframework.org/schema/beans/spring-beans-3.0.xsd
    http://www.springframework.org/schema/context
    http://www.springframework.org/schema/context/spring-context-3.0.xsd">
   
   <bean class="com.cap.spring.Question" id="q" >
    <property name="qid" value="1"></property>
      <property name="name" value="What is java?"></property>
   
   <!-- setters injection -->
   
   <property name="answers">
   
     
      
      <map>
      <entry key="Java is programming language" value="menaka"></entry>
            <entry key="Java is platfrom" value="rani"></entry>
      
      </map>
      </property>
         </bean>
  
   
</beans>