<beans xmlns="http://www.springframework.org/schema/beans"
xmlns:xsi="http://www.w3.org/2001/XMLSchema-instance" xmlns:context="http://www.springframework.org/schema/context"
xsi:schemaLocation="http://www.springframework.org/schema/beans
    http://www.springframework.org/schema/beans/spring-beans-3.0.xsd
    http://www.springframework.org/schema/context
    http://www.springframework.org/schema/context/spring-context-3.0.xsd">


<bean class="Employee" id="e" autowire="byType"> <!-- default constructor will be called -->
   
   <!-- setters injection -->
   
   <property name="empId" value="1"></property>
      <property name="empName" value="Nandy"></property>
      <property name="empAddress" value="CBE"></property>
         <property name="empSal" value="50000"></property>
                <!--    <property name="add" ref="a"></property> -->
                      <!--   <property name="tadd" ref="ta"></property> -->
                  
         
         </bean>
         
         <bean class="Address" id="a"> <!--  Address class object called -->
         <property name="hno" value="5"></property>
      <property name="colony" value="7g rainbow colony"></property>
         <property name="city" value="chennai"></property>
         
         
         </bean>
      <bean class="TAddress" id="ta"> <!-- default constructor will be called -->
         <property name="hno" value="6"></property>
      <property name="colony" value="7g rainbow colony"></property>
         <property name="city" value="Bangalore"></property>
         </bean>
      
         
   

</beans>